State,Site,Code,Year,Season,Night1,Night2,Night3,Date,Distance,Quarter,Season_code,period,time_ind,Site_code,Pair,rhdv2,K5_site,K5_rel,MaxN
VIC,Avalon,AVA,2014,winter,237,189,217,29/07/2014,8,3,1,2014.3,14,1,4,0,2,0,237
VIC,Avalon,AVA,2014,spring,342,374,311,24/10/2014,8,4,1,2014.4,15,1,4,0,2,0,374
VIC,Avalon,AVA,2015,summer,357,333,324,18/01/2015,6.5,1,0,2015.1,16,1,4,0,2,0,357
VIC,Avalon,AVA,2015,autumn,179,99,118,16/04/2015,6.5,2,0,2015.2,17,1,4,0,2,0,179
VIC,Avalon,AVA,2015,winter,164,186,231,7/07/2015,6.5,3,1,2015.3,18,1,4,1,2,0,231
VIC,Avalon,AVA,2015,spring,355,206,263,12/10/2015,6.5,4,1,2015.4,19,1,4,1,2,0,355
VIC,Avalon,AVA,2016,summer,159,166,187,19/01/2016,6.5,1,0,2016.1,20,1,4,1,2,0,187
VIC,Avalon,AVA,2016,autumn,116,131,102,24/04/2016,6.5,2,0,2016.2,21,1,4,1,2,0,131
VIC,Avalon,AVA,2016,winter,203,173,183,26/07/2016,6.5,3,1,2016.3,22,1,4,1,2,0,203
VIC,Avalon,AVA,2016,spring,85,98,64,11/10/2016,5.5,4,1,2016.4,23,1,4,1,2,0,98
VIC,Avalon,AVA,2017,summer,88,108,111,3/01/2017,6.5,1,0,2017.1,24,1,4,1,2,0,111
VIC,Avalon,AVA,2017,autumn,187,143,167,3/04/2017,6.5,2,0,2017.2,25,1,4,1,2,1,187
VIC,Avalon,AVA,2017,winter,247,243,230,18/07/2017,6.5,3,1,2017.3,26,1,4,1,2,1,247
VIC,Avalon,AVA,2017,spring,357,300,135,13/11/2017,7,4,1,2017.4,27,1,4,1,2,1,357
VIC,Avalon,AVA,2018,summer,219,245,228,1/02/2018,7,1,0,2018.1,28,1,4,1,2,1,245
NSW,Blowering,BLR,2015,autumn,25,16,22,4/05/2015,1,2,0,2015.2,17,2,8,1,2,0,25
NSW,Blowering,BLR,2015,winter,10,7,10,6/07/2015,1,3,1,2015.3,18,2,8,1,2,0,10
NSW,Blowering,BLR,2015,spring,10,9,11,12/10/2015,1,4,1,2015.4,19,2,8,1,2,0,11
NSW,Blowering,BLR,2016,summer,7,4,6,25/01/2016,1,1,0,2016.1,20,2,8,1,2,0,7
NSW,Blowering,BLR,2016,autumn,NA,NA,NA,NA,1,2,0,2016.2,21,2,8,1,2,0,NA
NSW,Blowering,BLR,2016,winter,NA,NA,NA,NA,1,3,1,2016.3,22,2,8,1,2,0,NA
NSW,Blowering,BLR,2016,spring,NA,NA,NA,NA,1,4,1,2016.4,23,2,8,1,2,0,NA
NSW,Blowering,BLR,2017,summer,12,8,9,25/01/2017,1,1,0,2017.1,24,2,8,1,2,0,12
NSW,Blowering,BLR,2017,autumn,15,11,20,11/04/2017,1,2,0,2017.2,25,2,8,1,2,1,20
NSW,Blowering,BLR,2017,winter,NA,NA,NA,NA,1,3,1,2017.3,26,2,8,1,2,1,NA
NSW,Blowering,BLR,2017,spring,5,7,3,12/12/2017,1,4,1,2017.4,27,2,8,1,2,1,7
NSW,Blowering,BLR,2018,summer,NA,NA,NA,NA,1,1,0,2018.1,28,2,8,1,2,1,NA
ACT,Boboyan,BOB,2015,autumn,52,64,NA,24/04/2015,5.8,2,0,2015.2,17,3,9,0,2,0,64
ACT,Boboyan,BOB,2015,winter,59,95,74,14/07/2015,5.8,3,1,2015.3,18,3,9,0,2,0,95
ACT,Boboyan,BOB,2015,spring,20,41,43,13/10/2015,5.8,4,1,2015.4,19,3,9,0,2,0,43
ACT,Boboyan,BOB,2016,summer,27,13,17,12/01/2016,5.8,1,0,2016.1,20,3,9,1,2,0,27
ACT,Boboyan,BOB,2016,autumn,33,29,14,NA,5.8,2,0,2016.2,21,3,9,1,2,0,33
ACT,Boboyan,BOB,2016,winter,NA,NA,NA,22/08/2016,5.8,3,1,2016.3,22,3,9,1,2,0,NA
ACT,Boboyan,BOB,2016,spring,3,7,3,16/05/2016,5.8,4,1,2016.4,23,3,9,1,2,0,7
ACT,Boboyan,BOB,2017,summer,13,12,NA,1/02/2017,5.8,1,0,2017.1,24,3,9,1,2,0,13
ACT,Boboyan,BOB,2017,autumn,3,10,12,1/05/2017,5.8,2,0,2017.2,25,3,9,1,2,1,12
ACT,Boboyan,BOB,2017,winter,13,6,20,24/07/2017,5.8,3,1,2017.3,26,3,9,1,2,1,20
ACT,Boboyan,BOB,2017,spring,13,12,13,23/10/2017,5.8,4,1,2017.4,27,3,9,1,2,1,13
ACT,Boboyan,BOB,2018,summer,10,9,8,12/02/2018,5.8,1,0,2018.1,28,3,9,1,2,1,10
NSW,Burrabogie,BUR,2015,autumn,11,18,18,27/04/2015,1,2,0,2015.2,17,4,7,0,1,0,18
NSW,Burrabogie,BUR,2015,winter,28,22,20,3/08/2015,2,3,1,2015.3,18,4,7,0,1,0,28
NSW,Burrabogie,BUR,2015,spring,36,21,30,12/10/2015,2,4,1,2015.4,19,4,7,1,1,0,36
NSW,Burrabogie,BUR,2016,summer,66,42,61,1/02/2016,2,1,0,2016.1,20,4,7,1,1,0,66
NSW,Burrabogie,BUR,2016,autumn,35,26,33,18/04/2016,2,2,0,2016.2,21,4,7,1,1,0,35
NSW,Burrabogie,BUR,2016,winter,93,91,120,3/07/2017,2,3,1,2016.3,22,4,7,1,1,0,120
NSW,Burrabogie,BUR,2016,spring,96,32,56,10/10/2017,2,4,1,2016.4,23,4,7,1,1,0,96
NSW,Burrabogie,BUR,2017,summer,14,28,27,31/01/2017,2,1,0,2017.1,24,4,7,1,1,0,28
NSW,Burrabogie,BUR,2017,autumn,30,19,15,10/04/2017,2,2,0,2017.2,25,4,7,1,1,1,30
NSW,Burrabogie,BUR,2017,winter,93,91,120,3/07/2017,2,3,1,2017.3,26,4,7,1,1,1,120
NSW,Burrabogie,BUR,2017,spring,96,32,56,9/10/2017,2,4,1,2017.4,27,4,7,1,1,1,96
NSW,Burrabogie,BUR,2018,summer,43,45,51,22/01/2018,2,1,0,2018.1,28,4,7,1,1,1,51
SA,Coorong,SCK,2011,autumn,118,112,88,7/04/2011,9.7,2,0,2011.2,1,5,2,0,1,0,118
SA,Coorong,SCK,2011,winter,108,103,92,12/07/2011,9.7,3,1,2011.3,2,5,2,0,1,0,108
SA,Coorong,SCK,2011,spring,67,39,34,11/10/2011,9.7,4,1,2011.4,3,5,2,0,1,0,67
SA,Coorong,SCK,2012,summer,102,97,108,3/02/2012,9.7,1,0,2012.1,4,5,2,0,1,0,108
SA,Coorong,SCK,2012,autumn,87,131,96,5/05/2012,9.7,2,0,2012.2,5,5,2,0,1,0,131
SA,Coorong,SCK,2012,winter,87,91,52,17/07/2012,9.7,3,1,2012.3,6,5,2,0,1,0,91
SA,Coorong,SCK,2012,spring,31,14,NA,7/11/2012,9.7,4,1,2012.4,7,5,2,0,1,0,31
SA,Coorong,SCK,2013,summer,60,85,52,11/02/2013,9.7,1,0,2013.1,8,5,2,0,1,0,85
SA,Coorong,SCK,2013,autumn,NA,NA,NA,NA,9.7,2,0,2013.2,9,5,2,0,1,0,NA
SA,Coorong,SCK,2013,winter,132,111,121,21/07/2013,9.7,3,1,2013.3,10,5,2,0,1,0,132
SA,Coorong,SCK,2013,spring,29,36,18,21/10/2013,9.7,4,1,2013.4,11,5,2,0,1,0,36
SA,Coorong,SCK,2014,summer,36,63,44,18/02/2014,9.7,1,0,2014.1,12,5,2,0,1,0,63
SA,Coorong,SCK,2014,autumn,59,53,38,17/05/2014,9.7,2,0,2014.2,13,5,2,0,1,0,59
SA,Coorong,SCK,2014,winter,58,31,47,25/07/2014,9.7,3,1,2014.3,14,5,2,0,1,0,58
SA,Coorong,SCK,2014,spring,37,39,47,21/10/2014,9.7,4,1,2014.4,15,5,2,0,1,0,47
SA,Coorong,SCK,2015,summer,31,74,57,24/01/2015,9.7,1,0,2015.1,16,5,2,0,1,0,74
SA,Coorong,SCK,2015,autumn,42,25,47,29/04/2015,9.7,2,0,2015.2,17,5,2,0,1,0,47
SA,Coorong,SCK,2015,winter,12,28,28,7/07/2015,9.7,3,1,2015.3,18,5,2,0,1,0,28
SA,Coorong,SCK,2015,spring,14,29,17,24/10/2015,9.7,4,1,2015.4,19,5,2,0,1,0,29
SA,Coorong,SCK,2016,summer,34,43,33,21/01/2016,9.7,1,0,2016.1,20,5,2,0,1,0,43
SA,Coorong,SCK,2016,autumn,17,24,21,13/04/2016,9.7,2,0,2016.2,21,5,2,0,1,0,24
SA,Coorong,SCK,2016,winter,6,16,25,15/07/2016,9.7,3,1,2016.3,22,5,2,1,1,0,25
SA,Coorong,SCK,2016,spring,10,8,2,26/10/2016,9.7,4,1,2016.4,23,5,2,1,1,0,10
SA,Coorong,SCK,2017,summer,13,9,13,24/01/2017,9.7,1,0,2017.1,24,5,2,1,1,0,13
SA,Coorong,SCK,2017,autumn,16,15,11,27/04/2017,9.7,2,0,2017.2,25,5,2,1,1,1,16
SA,Coorong,SCK,2017,winter,17,27,14,15/06/2017,9.7,3,1,2017.3,26,5,2,1,1,1,27
SA,Coorong,SCK,2017,spring,6,11,4,23/10/2017,9.7,4,1,2017.4,27,5,2,1,1,1,11
SA,Coorong,SCK,2018,summer,8,12,12,20/01/2018,9.7,1,0,2018.1,28,5,2,1,1,1,12
WA,Drummonds,WA2,2015,summer,NA,37,39,24/02/2015,16.2,1,0,2015.1,16,6,6,0,1,0,39
WA,Drummonds,WA2,2015,autumn,59,42,39,28/04/2015,16.2,2,0,2015.2,17,6,6,0,1,0,59
WA,Drummonds,WA2,2015,winter,74,89,16,13/07/2015,16.2,3,1,2015.3,18,6,6,0,1,0,89
WA,Drummonds,WA2,2015,spring,16,50,33,12/10/2015,16.2,4,1,2015.4,19,6,6,0,1,0,50
WA,Drummonds,WA2,2016,summer,50,23,45,14/01/2016,16.2,1,0,2016.1,20,6,6,0,1,0,50
WA,Drummonds,WA2,2016,autumn,36,48,53,4/04/2015,16.2,2,0,2016.2,21,6,6,0,1,0,53
WA,Drummonds,WA2,2016,winter,66,69,60,3/07/2016,11.7,3,1,2016.3,22,6,6,0,1,0,69
WA,Drummonds,WA2,2016,spring,6,5,8,24/10/2016,16.2,4,1,2016.4,23,6,6,1,1,0,8
WA,Drummonds,WA2,2017,summer,31,22,17,23/01/2017,16.2,1,0,2017.1,24,6,6,1,1,0,31
WA,Drummonds,WA2,2017,autumn,29,23,26,24/04/2017,16.2,2,0,2017.2,25,6,6,1,1,1,29
WA,Drummonds,WA2,2017,winter,21,12,23,24/07/2017,16.2,3,1,2017.3,26,6,6,1,1,1,23
WA,Drummonds,WA2,2017,spring,2,2,2,23/10/2017,3.5,4,1,2017.4,27,6,6,1,1,1,2
WA,Drummonds,WA2,2018,summer,NA,4,0,17/01/2018,16.2,1,0,2018.1,28,6,6,1,1,1,4
NSW,Eurolie,EUR,2015,autumn,17,27,26,27/04/2015,1,2,0,2015.2,17,7,7,0,2,0,27
NSW,Eurolie,EUR,2015,winter,44,28,28,3/08/2015,2,3,1,2015.3,18,7,7,1,2,0,44
NSW,Eurolie,EUR,2015,spring,68,28,45,12/10/2015,2,4,1,2015.4,19,7,7,1,2,0,68
NSW,Eurolie,EUR,2016,summer,108,63,84,1/02/2016,2,1,0,2016.1,20,7,7,1,2,0,108
NSW,Eurolie,EUR,2016,autumn,21,15,28,18/04/2016,2,2,0,2016.2,21,7,7,1,2,0,28
NSW,Eurolie,EUR,2016,winter,41,34,29,3/07/2017,2,3,1,2016.3,22,7,7,1,2,0,41
NSW,Eurolie,EUR,2016,spring,41,71,66,9/10/2017,2,4,1,2016.4,23,7,7,1,2,0,71
NSW,Eurolie,EUR,2017,summer,35,29,20,31/01/2017,2,1,0,2017.1,24,7,7,1,2,0,35
NSW,Eurolie,EUR,2017,autumn,30,17,15,10/04/2017,2,2,0,2017.2,25,7,7,1,2,1,30
NSW,Eurolie,EUR,2017,winter,41,34,29,3/01/2017,2,3,1,2017.3,26,7,7,1,2,1,41
NSW,Eurolie,EUR,2017,spring,41,71,66,9/10/2017,2,4,1,2017.4,27,7,7,1,2,1,71
NSW,Eurolie,EUR,2018,summer,46,54,63,22/01/2018,2,1,0,2018.1,28,7,7,1,2,1,63
ACT,Gudgenby,GUD,2015,autumn,646,616,NA,24/04/2015,17.8,2,0,2015.2,17,8,9,1,1,0,646
ACT,Gudgenby,GUD,2015,winter,273,313,259,14/07/2015,17.8,3,1,2015.3,18,8,9,1,1,0,313
ACT,Gudgenby,GUD,2015,spring,178,221,204,15/10/2015,17.8,4,1,2015.4,19,8,9,1,1,0,221
ACT,Gudgenby,GUD,2016,summer,148,113,139,12/01/2016,17.8,1,0,2016.1,20,8,9,1,1,0,148
ACT,Gudgenby,GUD,2016,autumn,NA,NA,NA,NA,17.8,2,0,2016.2,21,8,9,1,1,0,NA
ACT,Gudgenby,GUD,2016,winter,NA,NA,NA,NA,17.8,3,1,2016.3,22,8,9,1,1,0,NA
ACT,Gudgenby,GUD,2016,spring,131,168,105,15/05/2016,17.8,4,1,2016.4,23,8,9,1,1,0,168
ACT,Gudgenby,GUD,2017,summer,106,101,NA,1/02/2017,17.8,1,0,2017.1,24,8,9,1,1,0,106
ACT,Gudgenby,GUD,2017,autumn,94,142,124,1/05/2017,17.8,2,0,2017.2,25,8,9,1,1,1,142
ACT,Gudgenby,GUD,2017,winter,109,94,90,24/07/2017,17.8,3,1,2017.3,26,8,9,1,1,1,109
ACT,Gudgenby,GUD,2017,spring,79,86,120,23/10/2017,17.8,4,1,2017.4,27,8,9,1,1,1,120
ACT,Gudgenby,GUD,2018,summer,6,15,7,12/02/2018,17.8,1,0,2018.1,28,8,9,1,1,1,15
VIC,Kerang,KRG,2015,autumn,122,171,157,26/05/2015,14.5,2,0,2015.2,17,9,5,0,1,0,171
VIC,Kerang,KRG,2015,winter,305,207,260,27/07/2015,14.5,3,1,2015.3,18,9,5,0,1,0,305
VIC,Kerang,KRG,2015,spring,253,163,175,6/10/2015,14.5,4,1,2015.4,19,9,5,1,1,0,253
VIC,Kerang,KRG,2016,summer,68,84,38,12/01/2016,14.5,1,0,2016.1,20,9,5,1,1,0,84
VIC,Kerang,KRG,2016,autumn,59,34,54,16/05/2016,14.5,2,0,2016.2,21,9,5,1,1,0,59
VIC,Kerang,KRG,2016,winter,79,84,44,11/08/2016,14.5,3,1,2016.3,22,9,5,1,1,0,84
VIC,Kerang,KRG,2016,spring,137,130,182,10/10/2016,14,4,1,2016.4,23,9,5,1,1,0,182
VIC,Kerang,KRG,2017,summer,404,345,348,4/01/2017,14,1,0,2017.1,24,9,5,1,1,0,404
VIC,Kerang,KRG,2017,autumn,208,198,182,3/04/2017,14,2,0,2017.2,25,9,5,1,1,1,208
VIC,Kerang,KRG,2017,winter,530,398,331,19/07/2017,14,3,1,2017.3,26,9,5,1,1,1,530
VIC,Kerang,KRG,2017,spring,NA,367,755,13/11/2017,15,4,1,2017.4,27,9,5,1,1,1,755
VIC,Kerang,KRG,2018,summer,208,195,248,23/01/2018,14.5,1,0,2018.1,28,9,5,1,1,1,248
NSW,Kiandra,KIA,2015,autumn,29,27,28,4/05/2015,1,2,0,2015.2,17,10,8,1,1,0,29
NSW,Kiandra,KIA,2015,winter,14,21,17,6/07/2015,1,3,1,2015.3,18,10,8,1,1,0,21
NSW,Kiandra,KIA,2015,spring,11,9,12,12/10/2015,1,4,1,2015.4,19,10,8,1,1,0,12
NSW,Kiandra,KIA,2016,summer,3,6,6,25/01/2016,1,1,0,2016.1,20,10,8,1,1,0,6
NSW,Kiandra,KIA,2016,autumn,NA,NA,NA,NA,1,2,0,2016.2,21,10,8,1,1,0,NA
NSW,Kiandra,KIA,2016,winter,NA,NA,NA,NA,1,3,1,2016.3,22,10,8,1,1,0,NA
NSW,Kiandra,KIA,2016,spring,NA,NA,NA,NA,1,4,1,2016.4,23,10,8,1,1,0,NA
NSW,Kiandra,KIA,2017,summer,0,1,0,25/01/2017,1,1,0,2017.1,24,10,8,1,1,0,1
NSW,Kiandra,KIA,2017,autumn,2,0,5,11/04/2017,1,2,0,2017.2,25,10,8,1,1,1,5
NSW,Kiandra,KIA,2017,winter,NA,NA,NA,NA,1,3,1,2017.3,26,10,8,1,1,1,NA
NSW,Kiandra,KIA,2017,spring,1,4,2,12/12/2017,1,4,1,2017.4,27,10,8,1,1,1,4
NSW,Kiandra,KIA,2018,summer,NA,NA,NA,NA,1,1,0,2018.1,28,10,8,1,1,1,NA
NSW,Mirrabooka,MIR,2014,autumn,84,91,NA,31/03/2014,2.4,2,0,2014.2,13,11,1,0,2,0,91
NSW,Mirrabooka,MIR,2014,winter,96,80,105,14/07/2014,2.4,3,1,2014.3,14,11,1,0,2,0,105
NSW,Mirrabooka,MIR,2014,spring,53,55,62,27/10/2014,2.4,4,1,2014.4,15,11,1,0,2,0,62
NSW,Mirrabooka,MIR,2015,summer,96,99,102,19/01/2015,2.4,1,0,2015.1,16,11,1,0,2,0,102
NSW,Mirrabooka,MIR,2015,autumn,NA,NA,NA,NA,2.4,2,0,2015.2,17,11,1,1,2,0,NA
NSW,Mirrabooka,MIR,2015,winter,35,36,NA,20/07/2015,2.4,3,1,2015.3,18,11,1,1,2,0,36
NSW,Mirrabooka,MIR,2015,spring,27,22,22,12/10/2015,2.4,4,1,2015.4,19,11,1,1,2,0,27
NSW,Mirrabooka,MIR,2016,summer,27,23,26,4/01/2016,2.4,1,0,2016.1,20,11,1,1,2,0,27
NSW,Mirrabooka,MIR,2016,autumn,24,15,23,4/04/2016,2.4,2,0,2016.2,21,11,1,1,2,0,24
NSW,Mirrabooka,MIR,2016,winter,39,40,36,15/08/2016,2.4,3,1,2016.3,22,11,1,1,2,0,40
NSW,Mirrabooka,MIR,2016,spring,14,22,17,18/10/2016,2.4,4,1,2016.4,23,11,1,1,2,0,22
NSW,Mirrabooka,MIR,2017,summer,6,12,12,9/01/2017,2.4,1,0,2017.1,24,11,1,1,2,0,12
NSW,Mirrabooka,MIR,2017,autumn,3,12,15,4/04/2017,2.4,2,0,2017.2,25,11,1,1,2,1,15
NSW,Mirrabooka,MIR,2017,winter,20,13,16,13/08/2017,2.4,3,1,2017.3,26,11,1,1,2,1,20
NSW,Mirrabooka,MIR,2017,spring,17,13,11,3/10/2017,2.4,4,1,2017.4,27,11,1,1,2,1,17
NSW,Mirrabooka,MIR,2018,summer,19,24,16,17/01/2018,2.4,1,0,2018.1,28,11,1,1,2,1,24
WA,Nelsons,WA1,2015,summer,20,28,18,23/02/2015,4.4,1,0,2015.1,16,12,6,0,2,0,28
WA,Nelsons,WA1,2015,autumn,12,37,40,28/04/2015,4.4,2,0,2015.2,17,12,6,0,2,0,40
WA,Nelsons,WA1,2015,winter,50,47,35,13/07/2015,4.4,3,1,2015.3,18,12,6,0,2,0,50
WA,Nelsons,WA1,2015,spring,84,85,80,28/04/2015,4.4,4,1,2015.4,19,12,6,0,2,0,85
WA,Nelsons,WA1,2016,summer,34,28,30,11/01/2016,4.4,1,0,2016.1,20,12,6,0,2,0,34
WA,Nelsons,WA1,2016,autumn,10,9,11,4/04/2016,4.4,2,0,2016.2,21,12,6,0,2,0,11
WA,Nelsons,WA1,2016,winter,26,16,14,3/07/2016,4.4,3,1,2016.3,22,12,6,0,2,0,26
WA,Nelsons,WA1,2016,spring,4,3,2,24/10/2016,4.4,4,1,2016.4,23,12,6,1,2,0,4
WA,Nelsons,WA1,2017,summer,11,17,14,23/01/2017,4.4,1,0,2017.1,24,12,6,1,2,0,17
WA,Nelsons,WA1,2017,autumn,17,16,11,24/04/2017,4.4,2,0,2017.2,25,12,6,1,2,1,17
WA,Nelsons,WA1,2017,winter,20,7,21,24/07/2017,4.4,3,1,2017.3,26,12,6,1,2,1,21
WA,Nelsons,WA1,2017,spring,4,3,2,24/10/2017,4.4,4,1,2017.4,27,12,6,1,2,1,4
WA,Nelsons,WA1,2018,summer,NA,11,6,17/01/2018,4.4,1,0,2018.1,28,12,6,1,2,1,11
NSW,Oaky Creek,OAK,2011,autumn,74,67,54,11/04/2011,5.6,2,0,2011.2,1,13,1,0,1,0,74
NSW,Oaky Creek,OAK,2011,winter,56,74,87,5/07/2011,5.6,3,1,2011.3,2,13,1,0,1,0,87
NSW,Oaky Creek,OAK,2011,spring,107,98,NA,5/10/2011,5.6,4,1,2011.4,3,13,1,0,1,0,107
NSW,Oaky Creek,OAK,2012,summer,93,90,NA,31/01/2012,5.6,1,0,2012.1,4,13,1,0,1,0,93
NSW,Oaky Creek,OAK,2012,autumn,72,62,83,16/04/2012,5.6,2,0,2012.2,5,13,1,0,1,0,83
NSW,Oaky Creek,OAK,2012,winter,83,84,80,16/07/2012,5.6,3,1,2012.3,6,13,1,0,1,0,84
NSW,Oaky Creek,OAK,2012,spring,64,87,74,8/10/2012,5.6,4,1,2012.4,7,13,1,0,1,0,87
NSW,Oaky Creek,OAK,2013,summer,108,101,108,4/02/2013,5.6,1,0,2013.1,8,13,1,0,1,0,108
NSW,Oaky Creek,OAK,2013,autumn,41,50,40,29/04/2013,5.6,2,0,2013.2,9,13,1,0,1,0,50
NSW,Oaky Creek,OAK,2013,winter,60,48,54,12/07/2013,5.6,3,1,2013.3,10,13,1,0,1,0,60
NSW,Oaky Creek,OAK,2013,spring,57,26,42,28/10/2013,5.6,4,1,2013.4,11,13,1,0,1,0,57
NSW,Oaky Creek,OAK,2014,summer,88,NA,92,3/02/2014,5.6,1,0,2014.1,12,13,1,0,1,0,92
NSW,Oaky Creek,OAK,2014,autumn,78,77,NA,31/03/2014,5.6,2,0,2014.2,13,13,1,0,1,0,78
NSW,Oaky Creek,OAK,2014,winter,83,93,67,14/07/2014,5.6,3,1,2014.3,14,13,1,0,1,0,93
NSW,Oaky Creek,OAK,2014,spring,64,58,64,27/10/2014,5.6,4,1,2014.4,15,13,1,0,1,0,64
NSW,Oaky Creek,OAK,2015,summer,54,59,45,20/01/2015,5.6,1,0,2015.1,16,13,1,1,1,0,59
NSW,Oaky Creek,OAK,2015,autumn,30,23,39,14/04/2015,5.6,2,0,2015.2,17,13,1,1,1,0,39
NSW,Oaky Creek,OAK,2015,winter,56,50,NA,20/07/2015,5.6,3,1,2015.3,18,13,1,1,1,0,56
NSW,Oaky Creek,OAK,2015,spring,26,28,20,12/10/2015,5.6,4,1,2015.4,19,13,1,1,1,0,28
NSW,Oaky Creek,OAK,2016,summer,18,13,9,4/01/2016,5.6,1,0,2016.1,20,13,1,1,1,0,18
NSW,Oaky Creek,OAK,2016,autumn,27,29,33,4/04/2016,5.6,2,0,2016.2,21,13,1,1,1,0,33
NSW,Oaky Creek,OAK,2016,winter,21,33,30,15/08/2016,5.6,3,1,2016.3,22,13,1,1,1,0,33
NSW,Oaky Creek,OAK,2016,spring,27,30,29,18/10/2016,5.6,4,1,2016.4,23,13,1,1,1,0,30
NSW,Oaky Creek,OAK,2017,summer,21,44,25,9/01/2017,5.6,1,0,2017.1,24,13,1,1,1,0,44
NSW,Oaky Creek,OAK,2017,autumn,34,26,21,4/04/2017,5.6,2,0,2017.2,25,13,1,1,1,1,34
NSW,Oaky Creek,OAK,2017,winter,47,52,31,13/06/2017,5.6,3,1,2017.3,26,13,1,1,1,1,52
NSW,Oaky Creek,OAK,2017,spring,19,39,44,3/10/2017,5.6,4,1,2017.4,27,13,1,1,1,1,44
NSW,Oaky Creek,OAK,2018,summer,41,28,14,17/01/2018,5.6,1,0,2018.1,28,13,1,1,1,1,41
VIC,Pyramid Hill,PRH,2015,autumn,139,191,292,26/05/2015,12,2,0,2015.2,17,14,5,0,2,0,292
VIC,Pyramid Hill,PRH,2015,winter,458,490,442,30/07/2015,12,3,1,2015.3,18,14,5,1,2,0,490
VIC,Pyramid Hill,PRH,2015,spring,290,262,291,6/10/2015,12,4,1,2015.4,19,14,5,1,2,0,291
VIC,Pyramid Hill,PRH,2016,summer,218,320,267,12/01/2016,12,1,0,2016.1,20,14,5,1,2,0,320
VIC,Pyramid Hill,PRH,2016,autumn,181,189,208,2/05/2016,12,2,0,2016.2,21,14,5,1,2,0,208
VIC,Pyramid Hill,PRH,2016,winter,114,172,96,16/08/2016,12,3,1,2016.3,22,14,5,1,2,0,172
VIC,Pyramid Hill,PRH,2016,spring,117,174,107,10/10/2016,12,4,1,2016.4,23,14,5,1,2,0,174
VIC,Pyramid Hill,PRH,2017,summer,187,190,246,4/01/2017,12,1,0,2017.1,24,14,5,1,2,0,246
VIC,Pyramid Hill,PRH,2017,autumn,244,272,226,3/04/2017,12,2,0,2017.2,25,14,5,1,2,1,272
VIC,Pyramid Hill,PRH,2017,winter,320,311,263,19/07/2017,8,3,1,2017.3,26,14,5,1,2,1,320
VIC,Pyramid Hill,PRH,2017,spring,135,499,200,13/11/2017,13,4,1,2017.4,27,14,5,1,2,1,499
VIC,Pyramid Hill,PRH,2018,summer,146,146,137,22/01/2018,13,1,0,2018.1,28,14,5,1,2,1,146
SA,Scobie,SCO,2014,winter,58,56,82,26/07/2014,8.6,3,1,2014.3,14,15,2,0,2,0,82
SA,Scobie,SCO,2014,spring,95,49,29,22/10/2014,8.6,4,1,2014.4,15,15,2,0,2,0,95
SA,Scobie,SCO,2015,summer,77,65,46,24/01/2015,8.6,1,0,2015.1,16,15,2,0,2,0,77
SA,Scobie,SCO,2015,autumn,60,28,29,29/04/2015,8.6,2,0,2015.2,17,15,2,0,2,0,60
SA,Scobie,SCO,2015,winter,71,57,48,7/07/2015,8.6,3,1,2015.3,18,15,2,0,2,0,71
SA,Scobie,SCO,2015,spring,69,46,49,24/10/2015,8.6,4,1,2015.4,19,15,2,0,2,0,69
SA,Scobie,SCO,2016,summer,53,90,42,21/01/2016,8.6,1,0,2016.1,20,15,2,0,2,0,90
SA,Scobie,SCO,2016,autumn,24,23,24,13/04/2016,8.6,2,0,2016.2,21,15,2,0,2,0,24
SA,Scobie,SCO,2016,winter,25,16,16,15/07/2016,8.6,3,1,2016.3,22,15,2,1,2,0,25
SA,Scobie,SCO,2016,spring,60,37,27,26/10/2016,8.6,4,1,2016.4,23,15,2,1,2,0,60
SA,Scobie,SCO,2017,summer,21,15,13,24/01/2017,8.6,1,0,2017.1,24,15,2,1,2,0,21
SA,Scobie,SCO,2017,autumn,12,19,12,27/04/2017,8.6,2,0,2017.2,25,15,2,1,2,1,19
SA,Scobie,SCO,2017,winter,24,11,16,15/06/2017,8.6,3,1,2017.3,26,15,2,1,2,1,24
SA,Scobie,SCO,2017,spring,67,32,37,23/01/2017,8.6,4,1,2017.4,27,15,2,1,2,1,67
SA,Scobie,SCO,2018,summer,21,20,13,20/01/2018,8.6,1,0,2018.1,28,15,2,1,2,1,21
VIC,Sunbury,SUN,2014,winter,98,82,75,29/07/2014,11,3,1,2014.3,14,16,4,0,1,0,98
VIC,Sunbury,SUN,2014,spring,185,157,190,24/10/2014,11,4,1,2014.4,15,16,4,0,1,0,190
VIC,Sunbury,SUN,2015,summer,109,78,102,18/01/2015,11,1,0,2015.1,16,16,4,0,1,0,109
VIC,Sunbury,SUN,2015,autumn,102,50,44,16/04/2015,11,2,0,2015.2,17,16,4,0,1,0,102
VIC,Sunbury,SUN,2015,winter,47,62,70,21/07/2015,11,3,1,2015.3,18,16,4,0,1,0,70
VIC,Sunbury,SUN,2015,spring,119,113,123,12/10/2015,11,4,1,2015.4,19,16,4,0,1,0,123
VIC,Sunbury,SUN,2016,summer,92,79,76,26/01/2016,11,1,0,2016.1,20,16,4,1,1,0,92
VIC,Sunbury,SUN,2016,autumn,43,54,73,18/04/2016,11,2,0,2016.2,21,16,4,1,1,0,73
VIC,Sunbury,SUN,2016,winter,50,55,43,26/07/2016,9,3,1,2016.3,22,16,4,1,1,0,55
VIC,Sunbury,SUN,2016,spring,45,35,51,11/10/2016,11,4,1,2016.4,23,16,4,1,1,0,51
VIC,Sunbury,SUN,2017,summer,20,19,15,3/01/2017,11,1,0,2017.1,24,16,4,1,1,0,20
VIC,Sunbury,SUN,2017,autumn,55,44,38,3/04/2017,11,2,0,2017.2,25,16,4,1,1,1,55
VIC,Sunbury,SUN,2017,winter,42,49,70,17/07/2017,11,3,1,2017.3,26,16,4,1,1,1,70
VIC,Sunbury,SUN,2017,spring,NA,34,50,13/11/2017,11.5,4,1,2017.4,27,16,4,1,1,1,50
VIC,Sunbury,SUN,2018,summer,23,37,41,8/02/2018,11.5,1,0,2018.1,28,16,4,1,1,1,41
QLD,Wallangarra East,WGE,2014,autumn,209,217,171,22/04/2014,2.1,2,0,2014.2,13,17,3,0,2,0,217
QLD,Wallangarra East,WGE,2014,winter,83,155,171,29/06/2014,2.1,3,1,2014.3,14,17,3,0,2,0,171
QLD,Wallangarra East,WGE,2014,spring,295,324,NA,29/10/2014,2.1,4,1,2014.4,15,17,3,0,2,0,324
QLD,Wallangarra East,WGE,2015,summer,249,292,265,13/01/2015,2.1,1,0,2015.1,16,17,3,1,2,0,292
QLD,Wallangarra East,WGE,2015,autumn,262,385,358,28/04/2015,2.1,2,0,2015.2,17,17,3,1,2,0,385
QLD,Wallangarra East,WGE,2015,winter,349,290,300,18/07/2015,2.1,3,1,2015.3,18,17,3,1,2,0,349
QLD,Wallangarra East,WGE,2015,spring,NA,542,758,27/10/2015,2.1,4,1,2015.4,19,17,3,1,2,0,758
QLD,Wallangarra East,WGE,2016,summer,1049,1016,951,21/01/2016,2.1,1,0,2016.1,20,17,3,1,2,0,1049
QLD,Wallangarra East,WGE,2016,autumn,518,568,573,25/04/2016,2.1,2,0,2016.2,21,17,3,1,2,0,573
QLD,Wallangarra East,WGE,2016,winter,605,570,419,3/07/2016,2.1,3,1,2016.3,22,17,3,1,2,0,605
QLD,Wallangarra East,WGE,2016,spring,523,496,517,NA,2.1,4,1,2016.4,23,17,3,1,2,0,523
QLD,Wallangarra East,WGE,2017,summer,427,304,392,11/01/2017,2.1,1,0,2017.1,24,17,3,1,2,0,427
QLD,Wallangarra East,WGE,2017,autumn,360,292,288,11/04/2017,2.1,2,0,2017.2,25,17,3,1,2,1,360
QLD,Wallangarra East,WGE,2017,winter,59,46,34,12/07/2017,2.1,3,1,2017.3,26,17,3,1,2,1,59
QLD,Wallangarra East,WGE,2017,spring,69,41,58,18/10/2017,2.1,4,1,2017.4,27,17,3,1,2,1,69
QLD,Wallangarra East,WGE,2018,summer,34,24,36,8/01/2018,2.1,1,0,2018.1,28,17,3,1,2,1,36
QLD,Wallangarra West,WGW,2014,autumn,110,93,79,22/04/2014,2.3,2,0,2014.2,13,18,3,0,1,0,110
QLD,Wallangarra West,WGW,2014,winter,41,49,49,29/07/2014,2.3,3,1,2014.3,14,18,3,0,1,0,49
QLD,Wallangarra West,WGW,2014,spring,82,85,NA,29/10/2014,2.3,4,1,2014.4,15,18,3,0,1,0,85
QLD,Wallangarra West,WGW,2015,summer,80,53,66,13/01/2015,2.3,1,0,2015.1,16,18,3,1,1,0,80
QLD,Wallangarra West,WGW,2015,autumn,30,42,50,28/04/2015,2.3,2,0,2015.2,17,18,3,1,1,0,50
QLD,Wallangarra West,WGW,2015,winter,NA,NA,NA,NA,2.3,3,1,2015.3,18,18,3,1,1,0,NA
QLD,Wallangarra West,WGW,2015,spring,57,59,73,27/10/2015,2.3,4,1,2015.4,19,18,3,1,1,0,73
QLD,Wallangarra West,WGW,2016,summer,22,33,23,19/01/2016,2.3,1,0,2016.1,20,18,3,1,1,0,33
QLD,Wallangarra West,WGW,2016,autumn,59,31,21,25/04/2016,2.3,2,0,2016.2,21,18,3,1,1,0,59
QLD,Wallangarra West,WGW,2016,winter,15,14,21,3/07/2016,2.3,3,1,2016.3,22,18,3,1,1,0,21
QLD,Wallangarra West,WGW,2016,spring,15,17,15,26/10/2016,2.3,4,1,2016.4,23,18,3,1,1,0,17
QLD,Wallangarra West,WGW,2017,summer,23,26,30,11/01/2017,2.3,1,0,2017.1,24,18,3,1,1,0,30
QLD,Wallangarra West,WGW,2017,autumn,23,12,3,11/04/2017,2.3,2,0,2017.2,25,18,3,1,1,1,23
QLD,Wallangarra West,WGW,2017,winter,25,17,11,12/07/2017,2.3,3,1,2017.3,26,18,3,1,1,1,25
QLD,Wallangarra West,WGW,2017,spring,49,22,24,18/10/2017,2.3,4,1,2017.4,27,18,3,1,1,1,49
QLD,Wallangarra West,WGW,2018,summer,10,19,11,8/01/2018,2.3,1,0,2018.1,28,18,3,1,1,1,19
